[{"_id":"5f639cdda45c2d7cb87171d1","resourceTypeId":"Microsoft.ContainerService/managedClusters","__v":0,"description":"eyJvdXRwdXQiOiB7InByaWNlUmVzcG9uc2UiOiAiJHtwcmljZX0ifSwgInZhcmlhYmxlcyI6IHsi cHJpY2UiOiAiJHtnZXRBenVyZVByaWNlfSJ9LCAicmVzb3VyY2VPcGVyYXRpb25zIjogeyJnZXRB enVyZVByaWNlIjogeyJhY2NvdW50aWQiOiAiJHthY2NvdW50aWR9IiwgImZsYXZvdXIiOiAiJHtm bGF2b3VyfSIsICJpc0NzcE93bmVyIjogIiR7aXNDc3BPd25lcn0iLCAicmVnaW9uIjogIiR7cmVn aW9ufSIsICJmcmVxdWVuY3kiOiAiJHtmcmVxdWVuY3l9IiwgIm1ldGVyaWQiOiAiJHttZXRlcmlk fSIsICJxdWFudGl0eSI6ICIke3F1YW50aXR5fSJ9fSwgInBhcmFtZXRlcnMiOiB7ImFjY291bnRp ZCI6IHsidHlwZSI6ICJzdHJpbmcifSwgIm1ldGVyaWQiOiB7InR5cGUiOiAic3RyaW5nIn0sICJm bGF2b3VyIjogeyJ0eXBlIjogInN0cmluZyJ9LCAiaXNDc3BPd25lciI6IHsidHlwZSI6ICJib29s ZWFuIn0sICJyZWdpb24iOiB7InR5cGUiOiAic3RyaW5nIn0sICJmcmVxdWVuY3kiOiB7ImRlZmF1 bHQiOiAiIiwgInR5cGUiOiAic3RyaW5nIn0sICJ0ZW1wbGF0ZSI6IHsidHlwZSI6ICJvYmplY3Qi fSwgImxpbmVJdGVtcyI6IHsidHlwZSI6ICJvYmplY3QifSwgInF1YW50aXR5IjogeyJ0eXBlIjog Im51bWJlciJ9fX0K"},{"_id":"5f63983ba45c2d7cb8708d7f","resourceTypeId":"Microsoft.DBforMySQL/servers","__v":0,"description":"eyJvdXRwdXQiOiB7InByaWNlUmVzcG9uc2UiOiAiJHtwcmljZX0ifSwgInZhcmlhYmxlcyI6IHsi cHJpY2UiOiAiJHtnZXRBenVyZVByaWNlfSJ9LCAicmVzb3VyY2VPcGVyYXRpb25zIjogeyJnZXRB enVyZVByaWNlIjogeyJhY2NvdW50aWQiOiAiJHthY2NvdW50aWR9IiwgImZsYXZvdXIiOiAiJHtm bGF2b3VyfSIsICJpc0NzcE93bmVyIjogIiR7aXNDc3BPd25lcn0iLCAicmVnaW9uIjogIiR7cmVn aW9ufSIsICJmcmVxdWVuY3kiOiAiJHtmcmVxdWVuY3l9IiwgIm1ldGVyaWQiOiAiJHttZXRlcmlk fSIsICJxdWFudGl0eSI6ICIke3F1YW50aXR5fSJ9fSwgInBhcmFtZXRlcnMiOiB7ImFjY291bnRp ZCI6IHsidHlwZSI6ICJzdHJpbmcifSwgIm1ldGVyaWQiOiB7InR5cGUiOiAic3RyaW5nIn0sICJm bGF2b3VyIjogeyJ0eXBlIjogInN0cmluZyJ9LCAiaXNDc3BPd25lciI6IHsidHlwZSI6ICJib29s ZWFuIn0sICJyZWdpb24iOiB7InR5cGUiOiAic3RyaW5nIn0sICJmcmVxdWVuY3kiOiB7ImRlZmF1 bHQiOiAiIiwgInR5cGUiOiAic3RyaW5nIn0sICJ0ZW1wbGF0ZSI6IHsidHlwZSI6ICJvYmplY3Qi fSwgImxpbmVJdGVtcyI6IHsidHlwZSI6ICJvYmplY3QifSwgInF1YW50aXR5IjogeyJ0eXBlIjog Im51bWJlciJ9fX0K"}]