[{"_id":"EKS_RDS_service","id":"EKS_RDS_service","__v":0,"apiDocVersion":"v3","config":[{"downloadInfo":{"hideButton":[],"configIds":[]},"derives":[],"derivesSection":[],"sectionDerivedFrom":[],"queryparameter":[],"sequence":1,"configGroupSequence":1,"group":null,"derivedFrom":[],"minSize":0,"maxSize":0,"values":[],"domainValueIds":["Yes","No"],"derivedValues":[],"source":"template","id":"newResourceGroupRequired","name":"New Resource Group Required","hidden":false,"callForValidate":true,"description":"Select yes to create a new Resource Group, select no to use an existing one.","required":true,"configGroupName":"Resource Group Parameters","configGroupCode":"Resource_Group_Parameters","binding":"ICBConfigExt::newResourceGroupRequired","default":"Yes","inputType":"radio","isRequiredForPricing":true},{"downloadInfo":{"hideButton":[],"configIds":[]},"derives":[],"derivesSection":[],"sectionDerivedFrom":[],"queryparameter":[],"sequence":3,"configGroupSequence":1,"group":null,"derivedFrom":[],"minSize":0,"maxSize":0,"values":[],"domainValueIds":[],"derivedValues":[],"source":"template","id":"existingResourceGroupList","name":"Existing Resource Group List","hidden":false,"callForValidate":true,"description":"Select the resource group name. A resource group is a collection of resources that share the same life-cycle, permissions, and policies.","required":true,"hideExpression":"newResourceGroupRequired='Yes'","configGroupName":"Resource Group Parameters","configGroupCode":"Resource_Group_Parameters","inputType":"selectOne","allowedValues":{"type":"on-demand","resource-path":"/subscriptions/{subscriptionId}/resourcegroups","params":{"api-version":"2016-09-01"},"method":"GET","return":["$..name"]},"isRequiredForPricing":true,"binding":"ICBConfigExt::existingResourceGroupList"},{"downloadInfo":{"hideButton":[],"configIds":[]},"derives":[],"derivesSection":[],"sectionDerivedFrom":[],"queryparameter":[],"sequence":2,"configGroupSequence":1,"group":null,"derivedFrom":[],"minSize":1,"maxSize":90,"values":[],"domainValueIds":[],"derivedValues":[],"source":"template","id":"newResourceGroup","name":"New Resource Group","hidden":false,"callForValidate":true,"validation":"@resourceGroupValidation@","description":"Enter the resource group name. A resource group is a collection of resources that share the same life-cycle, permissions, and policies.","required":true,"hideExpression":"newResourceGroupRequired='No'","configGroupName":"Resource Group Parameters","configGroupCode":"Resource_Group_Parameters","pattern":"^[a-zA-Z0-9-_.()]*[a-zA-Z0-9-_()]$","errorMessage":"Resource Group Name can only contain alphanumeric characters, periods, underscores, hyphens and parentheses, can not end with a period and should be between 1 to 90 characters in length.","binding":"ICBConfigExt::newResourceGroup","inputType":"freetext","isRequiredForPricing":true},{"downloadInfo":{"hideButton":[],"configIds":[]},"derives":[],"derivesSection":[],"sectionDerivedFrom":[],"queryparameter":[],"sequence":4,"configGroupSequence":1,"group":null,"derivedFrom":["existingResourceGroupList"],"minSize":0,"maxSize":0,"values":[],"domainValueIds":[],"derivedValues":[],"source":"template","id":"resourceGroupLocation","name":"Resource Group Location","hidden":false,"callForValidate":true,"description":"Location for the selected Resource Group.","required":true,"hideExpression":"existingResourceGroupList=''","configGroupName":"Resource Group Parameters","configGroupCode":"Resource_Group_Parameters","inputType":"radio","allowedValues":{"type":"on-demand","resource-path":"/subscriptions/{subscriptionId}/resourcegroups/${existingResourceGroupList}","params":{"api-version":"2017-05-10"},"method":"GET","return":["$.location"]},"isRequiredForPricing":true,"binding":"ICBConfigExt::resourceGroupLocation"},{"downloadInfo":{"hideButton":[],"configIds":[]},"derives":[],"derivesSection":[],"sectionDerivedFrom":[],"queryparameter":[],"sequence":5,"configGroupSequence":1,"group":null,"derivedFrom":[],"minSize":0,"maxSize":0,"values":[],"domainValueIds":[],"derivedValues":[],"source":"template","id":"location","name":"Location","hidden":false,"callForValidate":true,"description":"Select location for the new Resource Group.","required":true,"hideExpression":"newResourceGroupRequired='No'","configGroupName":"Resource Group Parameters","configGroupCode":"Resource_Group_Parameters","inputType":"selectOne","allowedValues":{"type":"on-demand","resource-path":"/subscriptions/{subscriptionId}/providers/Microsoft.Resources","params":{"api-version":"2018-01-01"},"method":"GET","return":["$['resourceTypes'][?(@.resourceType=='resourceGroups')]['locations'][*]"]},"isRequiredForPricing":true,"binding":"ICBConfigExt::location"},{"downloadInfo":{"hideButton":[],"configIds":[]},"derives":[],"derivesSection":[],"sectionDerivedFrom":[],"queryparameter":[],"sequence":1,"configGroupSequence":2,"group":null,"derivedFrom":[],"minSize":0,"maxSize":0,"values":[],"domainValueIds":[],"derivedValues":[],"source":"template","id":"kubernetesClusterName","name":"Kubernetes Cluster Name","hidden":false,"description":"Enter the name of Azure Kubernetes Service Cluster it should contain, only letters, numbers, underscores, and hyphens. The name must start and end with a letter or number.","required":true,"isRequiredForPricing":true,"configGroupName":"AKS Basic Parameters","configGroupCode":"AKS_Basic_Parameters","binding":"kubernetesClusterName","inputType":"freetext"},{"downloadInfo":{"hideButton":[],"configIds":[]},"derives":[],"derivesSection":[],"sectionDerivedFrom":[],"queryparameter":[],"sequence":3,"configGroupSequence":2,"group":null,"derivedFrom":["resourceLocation"],"minSize":0,"maxSize":0,"values":[],"domainValueIds":[],"derivedValues":[],"source":"template","id":"kubernetesVersion","name":"Kubernetes Version","hidden":false,"description":"Select the version of Kubernetes for this cluster. You will be able to upgrade this version after creating the cluster.","required":true,"isRequiredForPricing":true,"configGroupName":"AKS Basic Parameters","configGroupCode":"AKS_Basic_Parameters","inputType":"selectOne","allowedValues":{"type":"on-demand","resource-path":"/subscriptions/{subscriptionId}/providers/Microsoft.ContainerService/locations/${resourceLocation.toLowerCase().split(' ').join('')}/orchestrators","params":{"api-version":"2019-08-01","resource-type":"managedClusters"},"method":"GET","return":["$.properties.orchestrators[?(@.orchestratorType=='Kubernetes' && @.isPreview!=true)].orchestratorVersion"]},"binding":"kubernetesVersion"},{"downloadInfo":{"hideButton":[],"configIds":[]},"derives":[],"derivesSection":[],"sectionDerivedFrom":[],"queryparameter":[],"sequence":4,"configGroupSequence":2,"group":null,"derivedFrom":[],"minSize":0,"maxSize":0,"values":[],"domainValueIds":[],"derivedValues":[],"source":"template","id":"dnsNamePrefix","name":"Dns Name Prefix","hidden":false,"description":"DNS name prefix to use with the hosted Kubernetes API server FQDN. You will use this to connect to the Kubernetes API when managing containers after creating the cluster. Optional DNS prefix to use with hosted Kubernetes API server FQDN. The DNS prefix must be between 1 and 54 characters long. The prefix can contain only lowercase letters, numbers, and hyphens. The prefix must start with a letter and end with a letter or a number.","required":true,"isRequiredForPricing":true,"configGroupName":"AKS Basic Parameters","configGroupCode":"AKS_Basic_Parameters","pattern":"^[a-z]{0,1}[a-z0-9-]{0,52}[a-z0-9]$","errorMessage":"The DNS prefix must be between 1 and 54 characters long. The prefix can contain only lowercase letters, numbers, and hyphens. The prefix must start with a letter and end with a letter or a number.","binding":"dnsNamePrefix","inputType":"freetext"},{"downloadInfo":{"hideButton":[],"configIds":[]},"derives":[],"derivesSection":[],"sectionDerivedFrom":[],"queryparameter":[],"sequence":5,"configGroupSequence":2,"group":"AKS_Basic_Parameters","derivedFrom":[],"minSize":0,"maxSize":0,"values":[],"domainValueIds":["Yes","No"],"derivedValues":[],"source":"template","id":"newLogAnalyticsWorkspaceRequired","name":"New Log Analytics Workspace Required","hidden":false,"description":"Select Yes to create a new Log Analytics Workspace, select No to use an existing one, to store monitoring data.  For more details https://docs.microsoft.com/en-us/azure/azure-monitor/app/create-workspace-resource","required":true,"isRequiredForPricing":false,"configGroupName":"AKS Basic Parameters","configGroupCode":"AKS_Basic_Parameters","binding":"newLogAnalyticsWorkspaceRequired","default":"Yes","inputType":"selectOne","type":"string","selected":false,"editable":false,"configEditable":true},{"downloadInfo":{"hideButton":[],"configIds":[]},"derives":[],"derivesSection":[],"sectionDerivedFrom":[],"queryparameter":[],"sequence":6,"configGroupSequence":2,"group":null,"derivedFrom":["resourceLocation"],"minSize":0,"maxSize":0,"values":[],"domainValueIds":[],"derivedValues":[],"source":"template","id":"existingLogAnalyticsWorkspaceId","name":"Log Analytics Workspace","hidden":false,"description":"Select Log Analytics Workspace from the list.","required":true,"isRequiredForPricing":false,"hideExpression":"newLogAnalyticsWorkspaceRequired!='No'","configGroupName":"AKS Basic Parameters","configGroupCode":"AKS_Basic_Parameters","inputType":"selectOne","allowedValues":{"type":"on-demand","resource-path":"/subscriptions/{subscriptionId}/providers/Microsoft.OperationalInsights/workspaces","params":{"api-version":"2020-03-01-preview","resourceLocationId":"$resourceLocation.toLowerCase().split(' ').join('')"},"method":"GET","return":["$['value'][?(@.location =='${resourceLocationId}')]['id']","$['value'][?(@.location =='${resourceLocationId}')]['name']"]},"binding":"existingLogAnalyticsWorkspaceId"},{"downloadInfo":{"hideButton":[],"configIds":[]},"derives":[],"derivesSection":[],"sectionDerivedFrom":[],"queryparameter":[],"sequence":7,"configGroupSequence":2,"group":null,"derivedFrom":["resourceLocation"],"minSize":0,"maxSize":0,"values":[],"domainValueIds":[],"derivedValues":[],"source":"template","id":"existingWorkspaceRegion","name":"Workspace Region","hidden":false,"description":"Log Analytics Workspace region.","required":true,"isRequiredForPricing":false,"hideExpression":"newLogAnalyticsWorkspaceRequired!='No'","configGroupName":"AKS Basic Parameters","configGroupCode":"AKS_Basic_Parameters","inputType":"selectOne","allowedValues":{"type":"on-demand","resource-path":"/subscriptions/{subscriptionId}/providers/Microsoft.OperationalInsights/workspaces","params":{"api-version":"2020-03-01-preview","resourceLocationId":"$resourceLocation.toLowerCase().split(' ').join('')"},"method":"GET","return":["$['value'][?(@.location =='${resourceLocationId}')]['location']"]},"binding":"existingWorkspaceRegion"},{"downloadInfo":{"hideButton":[],"configIds":[]},"derives":[],"derivesSection":[],"sectionDerivedFrom":[],"queryparameter":[],"sequence":8,"configGroupSequence":2,"group":null,"derivedFrom":[],"minSize":0,"maxSize":0,"values":[],"domainValueIds":[],"derivedValues":[],"source":"template","id":"workspaceRegion","name":"Workspace Region","hidden":false,"description":"Select the region for your Log Analytics Workspace. This can be different from the region you chose for your cluster.","required":true,"isRequiredForPricing":false,"hideExpression":"newLogAnalyticsWorkspaceRequired!='Yes'","configGroupName":"AKS Basic Parameters","configGroupCode":"AKS_Basic_Parameters","inputType":"selectOne","allowedValues":{"type":"on-demand","resource-path":"/subscriptions/{subscriptionId}/locations","params":{"api-version":"2016-09-01"},"method":"GET","return":["$..name","$..displayName"]},"binding":"workspaceRegion"},{"downloadInfo":{"hideButton":[],"configIds":[]},"derives":[],"derivesSection":[],"sectionDerivedFrom":[],"queryparameter":[],"sequence":9,"configGroupSequence":2,"group":null,"derivedFrom":[],"minSize":0,"maxSize":0,"values":[],"domainValueIds":[],"derivedValues":[],"source":"template","id":"workspaceName","name":"Workspace Name","hidden":false,"description":"Enter the name of the workspace. The Workspace name should be between 4-63 characters. It must only contain lowercase letters, numbers, hyphens and must not start & end with a hyphen.","required":true,"isRequiredForPricing":false,"hideExpression":"newLogAnalyticsWorkspaceRequired!='Yes'","configGroupName":"AKS Basic Parameters","configGroupCode":"AKS_Basic_Parameters","pattern":"^(?!-)[a-zA-Z0-9-]{4,63}(?<!-)$","errorMessage":"Workspace Name must be in between 4-63 characters. The workspace name can contain only letters, numbers and '-'. The '-' shouldn't be the first or the last character.","binding":"workspaceName","inputType":"freetext"},{"downloadInfo":{"hideButton":[],"configIds":[]},"derives":[],"derivesSection":[],"sectionDerivedFrom":[],"queryparameter":[],"sequence":6,"configGroupSequence":3,"group":null,"derivedFrom":[],"minSize":0,"maxSize":0,"values":[],"domainValueIds":[],"derivedValues":[],"source":"template","id":"administratorLogin","name":"Admin Username","hidden":false,"description":"Database administrator login name. Admin Username Character range should be between 1-16 characters. It must only contain lowercase letters, numbers. Disallowed values: administrator, admin, root, guest, public, azure_superuser.","isRequiredForPricing":true,"configGroupName":"MySQL Servers Parameters","configGroupCode":"MySQL_Servers_Parameters","pattern":"^(?!([aA][dD][mM][iI][nN][iI][sS][tT][rR][aA][tT][oO][rR]|[aA][dD][mM][iI][nN]|[rR][oO][oO][tT]|[gG][uU][eE][sS][tT]|[pP][uU][bB][lL][iI][cC]|[aA][zZ][uU][rR][eE]_[sS][uU][pP][eE][rR][uU][sS][eE][rR])$)[a-zAA-Z0-9]{1,16}$","errorMessage":"Admin Username Character range should be between 1-16 characters. It must only contains lowercase letters, numbers. Disallowed values: administrator, admin, root, guest, public, azure_superuser.","required":true,"binding":"administratorLogin","inputType":"freetext"},{"downloadInfo":{"hideButton":[],"configIds":[]},"derives":[],"derivesSection":[],"sectionDerivedFrom":[],"queryparameter":[],"sequence":7,"configGroupSequence":3,"group":null,"derivedFrom":[],"minSize":8,"maxSize":128,"values":[],"domainValueIds":[],"derivedValues":[],"source":"template","id":"administratorLoginPassword","name":"Password","hidden":false,"description":"Database administrator password. It must contain characters from three of the following categories - English uppercase letters, English lowercase letters, numbers (0-9), and non-alphanumeric characters (!, $, #, %, etc.). It must be between 8 & 128 characters.","isRequiredForPricing":true,"configGroupName":"MySQL Servers Parameters","configGroupCode":"MySQL_Servers_Parameters","pattern":"((?=.*[0-9])(?=.*[a-z])(?=.*[A-Z])|(?=.*[0-9])(?=.*[a-zA-Z])(?=.*[^A-Za-z0-9])|(?=.*[a-z])(?=.*[A-Z])(?=.*[^A-Za-z0-9])).{8,}","errorMessage":"Password must contain characters from three of the following categories - English uppercase letters, English lowercase letters, numbers (0-9), and non-alphanumeric characters (!, $, #, %, etc.). It must be between 8 & 128 characters.","required":true,"binding":"administratorLoginPassword","inputType":"password"},{"downloadInfo":{"hideButton":[],"configIds":[]},"derives":[],"derivesSection":[],"sectionDerivedFrom":[],"queryparameter":[],"sequence":5,"configGroupSequence":3,"group":null,"derivedFrom":[],"minSize":0,"maxSize":0,"values":[],"domainValueIds":[],"derivedValues":[],"source":"template","id":"serverName","name":"Server Name","hidden":false,"callForValidate":true,"validation":{"url":"/subscriptions/{subscriptionId}/providers/Microsoft.DBforMySQL/checkNameAvailability","params":{"api-version":"2017-12-01"},"body":{"name":"{parameterValue}","type":"Microsoft.DBforMySQL"},"method":"POST","type":"Microsoft.DBforMySQL","output":{"jsonPath":"$.nameAvailable","condition":false}},"description":"Server Name for MySQL.The server name must be between 3-63 characters. It must only contain lowercase letters, numbers, hyphens and must not start & end with a hyphen.","isRequiredForPricing":true,"configGroupName":"MySQL Servers Parameters","configGroupCode":"MySQL_Servers_Parameters","pattern":"^(?!-)[a-z0-9-]{3,63}(?<!-)$","errorMessage":"Server Name must be in between 3-63 characters. It must only contains lowercase letters, numbers, hyphens and must not start & end in a hyphen. Server name must be available.","required":true,"binding":"serverName","inputType":"freetext"},{"downloadInfo":{"hideButton":[],"configIds":[]},"derives":[],"derivesSection":[],"sectionDerivedFrom":[],"queryparameter":[],"sequence":2,"configGroupSequence":2,"group":null,"derivedFrom":[],"minSize":0,"maxSize":0,"values":[],"domainValueIds":[],"derivedValues":[],"source":"template","id":"resourceLocation","name":"Resource Location","hidden":false,"description":"Enter the location of AKS resources into which the cluster should be deployed.","required":true,"isRequiredForPricing":true,"configGroupName":"AKS Basic Parameters","configGroupCode":"AKS_Basic_Parameters","inputType":"selectOne","allowedValues":{"type":"on-demand","resource-path":"/subscriptions/{subscriptionId}/locations","params":{"api-version":"2016-09-01"},"method":"GET","return":["$..name","$..displayName"]},"binding":"resourceLocation"}],"configGroups":[],"description":"Azure Kubernetes Service (AKS) performs it easy to deploy a managed Kubernetes cluster in Azure. AKS decreases the complexity and operational expenses of managing Kubernetes. As a hosted Kubernetes service, Azure manages important tasks like health monitoring and maintenance for you.","descriptionHTML":"https://docs.microsoft.com/en-us/azure/aks/intro-kubernetes","facets":null,"features":[{"description":["Simple user experience\nAzure-hosted control plane \nAutomated upgrades \nSelf-healing\nEasy Scaling\nSecure cluster\nIntegrate AKS with Azure Container Registry\nBuilt-in high availability with no additional cost\nVertical scale as needed within seconds\nExpected performance, using inclusive pay-as-you-go pricing\nAutomatic backups and point-in-time-restore for up to 35 days\nEnterprise-grade security and compliance"],"shortDesc":""}],"isEditable":false,"labels":["Petstore"],"multiQuantity":{"enabled":false,"limit":1,"validation":"^[1-9]\\d?$"},"name":"Petstore Infrastructure on Azure AKS","provider":{"code":"azure","name":"Azure"},"providerContentImportId":"f1ddcdca-5266-11ec-84e2-929885c43f7e","refid":"Microsoft","resourceTypes":[],"serviceCategory":[{"id":"infrastructure_patterns","name":"Infrastructure Patterns","description":"Infrastructure Patterns"}],"serviceCategoryId":["infrastructure_patterns"],"serviceDetails":"<p>Azure Kubernetes Service (AKS) allows you to quickly deploy a production-ready managed Kubernetes cluster in Azure.It gives benefits of open source Kubernetes without complexity or operational overhead.The Kubernetes masters are managed by Azure, you only manage and maintain the agent nodes. AKS reduces the complexity and operational overhead of maintaining Kubernetes by offloading much of that capacity to Azure.</p><br><p>To get started with AKS, the managed Kubernetes service is free. You only pay for the VMs in your cluster, and any infrastructure resources utilized like storage and networking, it means on Azure, you don't have to pay for the management of your Kubernetes cluster.</p><br><p><strong>Connect to the cluster</strong></p><p> We can access and manage clusters by using 'az aks' and 'kubectl' commands. For Connecting to cluster and accessing Kubernetes dashboard do below steps:</p> <p><strong>1)</strong> Configure kubectl to connect to your Kubernetes cluster by using the following command:</p><p> az aks get-credentials --resource-group < cluster_ResourceGroup_Name > --name < aks_cluster_name > </p><p>Using this command, you get access credentials for a managed Kubernetes cluster.</p><p><strong>2)</strong> For Kubernetes dashboard execute the following command:</p><p> az aks browse --resource-group < cluster_ResourceGroup_Name > --name < aks_cluster_name ></p><br><p>For more information please look into below url:</p> <a href='https://docs.microsoft.com/en-us/azure/aks/kubernetes-walkthrough-portal#connect-to-the-cluster'>https://docs.microsoft.com/en-us/azure/aks/kubernetes-walkthrough-portal#connect-to-the-cluster</a><p><p><strong>Azure MYSQL Server</strong></p><p>Azure Database for MySQL is a regulated service that you use to run, manage, and balance highly available MySQL databases in the cloud. It's a fully-managed database as a service offering that can manage mission-critical workloads with expected performance and progressive scalability. </p><br><p>You can synchronize data from an external MySQL server into the Azure Database for MySQL service. Also, allow you to concentrate on rapid app development and accelerating your time to market. Besides, you can continue to improve your application to deliver with the speed and performance of your business demands, all without having to learn new skills.</p>","serviceType":"serviceoffering","status":"DRAFT","tenantId":null,"terms":null,"updatedAt":null,"version":1}]